{"cameraMode":{"drawMode":0,"name":"Shaded","section":"Shading Mode"},"sceneLighting":false,"audioPlay":false,"sceneViewState":{"showFog":false,"showMaterialUpdate":false,"showSkybox":false,"showFlares":false,"showImageEffects":false,"showParticleSystems":true},"in2DMode":false,"pivot":{"x":540.7308349609375,"y":1002.139404296875,"z":6.678955078125},"rotation":{"x":0.07822950929403305,"y":-0.0020909954328089954,"z":0.00016405674978159368,"w":0.9969331622123718},"size":1281.39453125,"orthographic":false}